what,kind,bundleId,bundleVersion,description,time
started,bundle,com.google.gdt.eclipse.designer.SmartGWT,2.4.2.r37x201110181249,"com.google.gdt.eclipse.designer.SmartGWT",1398795138997
started,bundle,com.google.gdt.eclipse.designer.UiBinder,2.4.2.r37x201110181239,"com.google.gdt.eclipse.designer.UiBinder",1398795138997
started,bundle,org.eclipse.pde.launching,3.6.0.v20110506,"org.eclipse.pde.launching",1398795138998
started,bundle,org.eclipse.pde.ui,3.6.100.v20110603,"org.eclipse.pde.ui",1398795138999
started,bundle,org.eclipse.wb.core,1.2.0.r37x201109270310,"org.eclipse.wb.core",1398795138999
started,bundle,org.eclipse.wb.core.lib,1.2.0.r37x201109270310,"org.eclipse.wb.core.lib",1398795139000
started,bundle,org.eclipse.wb.discovery.core,1.2.0.r37x201109270333,"org.eclipse.wb.discovery.core",1398795139000
os,sysinfo,,,"win32",1398795139003
arch,sysinfo,,,"x86_64",1398795139003
ws,sysinfo,,,"win32",1398795139003
locale,sysinfo,,,"pt_PT",1398795139003
processors,sysinfo,,,"4",1398795139003
java.runtime.name,sysinfo,,,"Java(TM) SE Runtime Environment",1398795139003
java.runtime.version,sysinfo,,,"1.7.0_51-b13",1398795139003
java.specification.name,sysinfo,,,"Java Platform API Specification",1398795139003
java.specification.vendor,sysinfo,,,"Oracle Corporation",1398795139003
java.specification.version,sysinfo,,,"1.7",1398795139003
java.vendor,sysinfo,,,"Oracle Corporation",1398795139003
java.version,sysinfo,,,"1.7.0_51",1398795139003
java.vm.info,sysinfo,,,"mixed mode",1398795139003
java.vm.name,sysinfo,,,"Java HotSpot(TM) 64-Bit Server VM",1398795139003
java.vm.specification.name,sysinfo,,,"Java Virtual Machine Specification",1398795139003
java.vm.specification.vendor,sysinfo,,,"Oracle Corporation",1398795139003
java.vm.specification.version,sysinfo,,,"1.7",1398795139003
java.vm.vendor,sysinfo,,,"Oracle Corporation",1398795139003
java.vm.version,sysinfo,,,"24.51-b03",1398795139003
started,bundle,org.eclipse.m2e.usagedata,1.0.100.20110804-1717,"org.eclipse.m2e.usagedata",1398795139006
started,bundle,org.eclipse.wb.discovery.ui,1.2.0.r37x201109270333,"org.eclipse.wb.discovery.ui",1398795139126
started,bundle,com.android.ide.eclipse.ddms,16.0.1.v201112150204-238534,"com.android.ide.eclipse.ddms",1398795139159
started,bundle,org.eclipse.wst.sse.core,1.1.601.v201108151912,"org.eclipse.wst.sse.core",1398795139213
started,bundle,com.android.ide.eclipse.adt,16.0.1.v201112150204-238534,"com.android.ide.eclipse.adt",1398795139215
error,log,,,"DDMS files not found: C:\\eclipse_64bit\\platform-tools\\adb.exe C:\\eclipse_64bit\\tools\\hprof-conv.exe C:\\eclipse_64bit\\tools\\traceview.bat ",1398795139227
started,bundle,com.android.ide.eclipse.traceview,16.0.1.v201112150204-238534,"com.android.ide.eclipse.traceview",1398795139234
started,bundle,org.eclipse.core.filesystem,1.3.100.v20110423-0524,"org.eclipse.core.filesystem",1398795139300
started,bundle,org.eclipse.ltk.core.refactoring,3.5.201.r371_v20110824-0800,"org.eclipse.ltk.core.refactoring",1398795139304
started,bundle,org.eclipse.ltk.ui.refactoring,3.6.0.v20110505-0800,"org.eclipse.ltk.ui.refactoring",1398795139305
opened,view,org.eclipse.ui.ide,3.7.0.v20110809-1737,"org.eclipse.ui.views.ProblemView",1398795140160
deactivated,workbench,org.eclipse.ui.workbench,3.7.0.I20110519-0100,"",1398795148214
activated,workbench,org.eclipse.ui.workbench,3.7.0.I20110519-0100,"",1398795149546
executed,command,org.eclipse.ui.ide,3.7.0.v20110809-1737,"org.eclipse.ui.edit.text.openLocalFile",1398795149566
deactivated,workbench,org.eclipse.ui.workbench,3.7.0.I20110519-0100,"",1398795152174
activated,workbench,org.eclipse.ui.workbench,3.7.0.I20110519-0100,"",1398795244622
executed,command,org.eclipse.ui,3.7.0.I20110602-0100,"org.eclipse.ui.file.import",1398795244628
deactivated,workbench,org.eclipse.ui.workbench,3.7.0.I20110519-0100,"",1398795245353
activated,workbench,org.eclipse.ui.workbench,3.7.0.I20110519-0100,"",1398795246309
closed,workbench,org.eclipse.ui.workbench,3.7.0.I20110519-0100,"",1398795246421
started,bundle,org.eclipse.compare.core,3.5.200.I20110208-0800,"org.eclipse.compare.core",1398795246591
started,bundle,org.eclipse.compare,3.5.201.R37x_v20110817-0800,"org.eclipse.compare",1398795246594
stopped,bundle,org.eclipse.m2e.logback.configuration,1.0.100.20110804-1717,"org.eclipse.m2e.logback.configuration",1398795246719
stopped,bundle,org.eclipse.m2e.discovery,1.0.100.20110804-1717,"org.eclipse.m2e.discovery",1398795246720
stopped,bundle,org.eclipse.m2e.refactoring,1.0.100.20110804-1717,"org.eclipse.m2e.refactoring",1398795246721
stopped,bundle,org.eclipse.m2e.editor,1.0.100.20110804-1717,"org.eclipse.m2e.editor",1398795246722
stopped,bundle,org.eclipse.m2e.editor.xml,1.0.100.20110804-1717,"org.eclipse.m2e.editor.xml",1398795246723
stopped,bundle,org.eclipse.m2e.jdt,1.0.100.20110804-1717,"org.eclipse.m2e.jdt",1398795246724
stopped,bundle,org.eclipse.m2e.launching,1.0.100.20110804-1717,"org.eclipse.m2e.launching",1398795246725
stopped,bundle,org.eclipse.m2e.usagedata,1.0.100.20110804-1717,"org.eclipse.m2e.usagedata",1398795246725
stopped,bundle,com.soyatec.eemf,3.7.1.20110624,"com.soyatec.eemf",1398795246726
stopped,bundle,com.soyatec.additional,3.7.1.20110624,"com.soyatec.additional",1398795246727
stopped,bundle,com.soyatec.core,3.7.1.20110624,"com.soyatec.core",1398795246728
stopped,bundle,overlay.com.android.ide.eclipse.adt.overlay,16.0.1.v201112150204-238534,"overlay.com.android.ide.eclipse.adt.overlay",1398795246729
stopped,bundle,com.android.ide.eclipse.adt,16.0.1.v201112150204-238534,"com.android.ide.eclipse.adt",1398795246729
stopped,bundle,org.eclipse.pde.ua.ui,1.0.100.v20110516,"org.eclipse.pde.ua.ui",1398795246730
stopped,bundle,org.eclipse.pde.api.tools.ui,1.0.301.v20110803_r371,"org.eclipse.pde.api.tools.ui",1398795246731
stopped,bundle,org.eclipse.pde.ds.ui,1.0.100.v20110516,"org.eclipse.pde.ds.ui",1398795246732
stopped,bundle,org.eclipse.pde.runtime,3.4.201.v20110819-0851,"org.eclipse.pde.runtime",1398795246733
stopped,bundle,org.eclipse.pde.ui.templates,3.4.400.v20110516,"org.eclipse.pde.ui.templates",1398795246734
stopped,bundle,org.eclipse.wb.rcp.GroupLayout,1.2.0.r37x201109270449,"org.eclipse.wb.rcp.GroupLayout",1398795246735
stopped,bundle,org.eclipse.wb.rcp.SWT_AWT,1.2.0.r37x201109270453,"org.eclipse.wb.rcp.SWT_AWT",1398795246736
stopped,bundle,org.eclipse.wb.rcp.databinding.emf,1.2.0.r37x201109270442,"org.eclipse.wb.rcp.databinding.emf",1398795246738
stopped,bundle,org.eclipse.wb.rcp.databinding.xwt,1.2.0.r37x201109270457,"org.eclipse.wb.rcp.databinding.xwt",1398795246739
stopped,bundle,org.eclipse.wb.rcp.databinding,1.2.0.r37x201109270442,"org.eclipse.wb.rcp.databinding",1398795246740
stopped,bundle,org.eclipse.wb.rcp.nebula,1.2.0.r37x201109270442,"org.eclipse.wb.rcp.nebula",1398795246741
stopped,bundle,org.eclipse.wb.rcp.swing2swt,1.2.0.r37x201109270442,"org.eclipse.wb.rcp.swing2swt",1398795246741
stopped,bundle,org.eclipse.wb.xwt,1.2.0.r37x201109270457,"org.eclipse.wb.xwt",1398795246742
stopped,bundle,org.eclipse.wb.rcp,1.2.0.r37x201109270442,"org.eclipse.wb.rcp",1398795246743
stopped,bundle,org.eclipse.pde.ui,3.6.100.v20110603,"org.eclipse.pde.ui",1398795246744
stopped,bundle,org.eclipse.ui.cheatsheets,3.4.100.v20110425,"org.eclipse.ui.cheatsheets",1398795246744
stopped,bundle,org.eclipse.help.ui,3.5.101.r37_20110819,"org.eclipse.help.ui",1398795246745
stopped,bundle,org.eclipse.help.webapp,3.6.0.v20110518,"org.eclipse.help.webapp",1398795246747
stopped,bundle,org.eclipse.epp.mpc.ui,1.1.1.I20110907-0947,"org.eclipse.epp.mpc.ui",1398795246748
stopped,bundle,org.eclipse.epp.usagedata.ui,1.3.1.R201106061540,"org.eclipse.epp.usagedata.ui",1398795246749
stopped,bundle,org.eclipse.ui.intro.universal,3.2.500.v20110510,"org.eclipse.ui.intro.universal",1398795246749
stopped,bundle,org.eclipse.ui.intro,3.4.100.v20110425,"org.eclipse.ui.intro",1398795246750
stopped,bundle,org.eclipse.help.base,3.6.1.v201109091335,"org.eclipse.help.base",1398795246751
stopped,bundle,org.eclipse.equinox.http.jetty,2.0.100.v20110502,"org.eclipse.equinox.http.jetty",1398795246752
stopped,bundle,org.eclipse.m2e.core.ui,1.0.100.20110804-1717,"org.eclipse.m2e.core.ui",1398795246753
stopped,bundle,org.eclipse.m2e.core,1.0.100.20110804-1717,"org.eclipse.m2e.core",1398795246754
stopped,bundle,org.eclipse.mylyn.ide.ant,3.6.0.v20110608-1400,"org.eclipse.mylyn.ide.ant",1398795246755
stopped,bundle,org.eclipse.ant.ui,3.5.100.v20110510,"org.eclipse.ant.ui",1398795246756
stopped,bundle,org.eclipse.ant.launching,1.0.100.v20110506,"org.eclipse.ant.launching",1398795246759
stopped,bundle,org.eclipse.compare.win32,1.0.200.I20110510-0800,"org.eclipse.compare.win32",1398795246761
stopped,bundle,org.eclipse.egit.mylyn.ui,1.1.0.201109151100-r,"org.eclipse.egit.mylyn.ui",1398795246761
stopped,bundle,org.eclipse.egit.ui,1.1.0.201109151100-r,"org.eclipse.egit.ui",1398795246763
stopped,bundle,org.eclipse.equinox.p2.ui.sdk,1.0.200.v20110502-1955,"org.eclipse.equinox.p2.ui.sdk",1398795246764
stopped,bundle,org.eclipse.mylyn.java.tasks,3.6.0.v20110608-1400,"org.eclipse.mylyn.java.tasks",1398795246765
stopped,bundle,org.eclipse.mylyn.java.ui,3.6.0.v20110608-1400,"org.eclipse.mylyn.java.ui",1398795246766
stopped,bundle,com.google.gdt.eclipse.designer.GWTExt,2.4.2.r37x201110181249,"com.google.gdt.eclipse.designer.GWTExt",1398795246767
stopped,bundle,com.google.gdt.eclipse.designer.GXT.databinding,2.4.2.r37x201110181249,"com.google.gdt.eclipse.designer.GXT.databinding",1398795246767
stopped,bundle,com.google.gdt.eclipse.designer.GXT,2.4.2.r37x201110181249,"com.google.gdt.eclipse.designer.GXT",1398795246768
stopped,bundle,com.google.gdt.eclipse.designer.SmartGWT,2.4.2.r37x201110181249,"com.google.gdt.eclipse.designer.SmartGWT",1398795246768
stopped,bundle,com.google.gdt.eclipse.designer.UiBinder.wizards,2.4.2.r37x201110181249,"com.google.gdt.eclipse.designer.UiBinder.wizards",1398795246768
stopped,bundle,com.google.gdt.eclipse.designer.UiBinder,2.4.2.r37x201110181239,"com.google.gdt.eclipse.designer.UiBinder",1398795246769
stopped,bundle,com.google.gdt.eclipse.designer.launch,2.4.2.r37x201110181249,"com.google.gdt.eclipse.designer.launch",1398795246769
stopped,bundle,com.google.gdt.eclipse.designer.preferences,2.4.2.r37x201110181249,"com.google.gdt.eclipse.designer.preferences",1398795246771
stopped,bundle,com.google.gdt.eclipse.designer.wizards,2.4.2.r37x201110181249,"com.google.gdt.eclipse.designer.wizards",1398795246772
stopped,bundle,com.google.gdt.eclipse.designer,2.4.2.r37x201110181239,"com.google.gdt.eclipse.designer",1398795246773
stopped,bundle,org.eclipse.jdt.junit,3.7.0.v20110505-0800,"org.eclipse.jdt.junit",1398795246774
stopped,bundle,org.eclipse.jdt.apt.ui,3.3.300.v20110305-1450,"org.eclipse.jdt.apt.ui",1398795246774
stopped,bundle,org.eclipse.jdt.debug.ui,3.6.1.v20110803_r371,"org.eclipse.jdt.debug.ui",1398795246776
stopped,bundle,com.google.gdt.eclipse.designer.hosted.2_0.webkit,2.4.2.r37x201110181233,"com.google.gdt.eclipse.designer.hosted.2_0.webkit",1398795246777
stopped,bundle,com.google.gdt.eclipse.designer.hosted.2_0,2.4.2.r37x201110181233,"com.google.gdt.eclipse.designer.hosted.2_0",1398795246778
activated,perspective,org.eclipse.jdt.ui,,"org.eclipse.jdt.ui.JavaPerspective",1398795717571
started,bundle,org.eclipse.osgi,3.7.1.R37x_v20110808-1106,"org.eclipse.osgi",1398795717573
started,bundle,org.eclipse.equinox.simpleconfigurator,1.0.200.v20110502-1955,"org.eclipse.equinox.simpleconfigurator",1398795717573
started,bundle,com.ibm.icu,4.4.2.v20110208,"com.ibm.icu",1398795717574
started,bundle,org.eclipse.core.contenttype,3.4.100.v20110423-0524,"org.eclipse.core.contenttype",1398795717575
started,bundle,org.eclipse.core.databinding.observable,1.4.0.I20110222-0800,"org.eclipse.core.databinding.observable",1398795717575
started,bundle,org.eclipse.core.expressions,3.4.300.v20110228,"org.eclipse.core.expressions",1398795717576
started,bundle,org.eclipse.core.filebuffers,3.5.200.v20110505-0800,"org.eclipse.core.filebuffers",1398795717576
started,bundle,org.eclipse.core.jobs,3.5.100.v20110404,"org.eclipse.core.jobs",1398795717577
started,bundle,org.eclipse.core.net,1.2.100.I20110511-0800,"org.eclipse.core.net",1398795717578
started,bundle,org.eclipse.core.resources,3.7.100.v20110510-0712,"org.eclipse.core.resources",1398795717579
started,bundle,org.eclipse.core.runtime,3.7.0.v20110110,"org.eclipse.core.runtime",1398795717579
started,bundle,org.eclipse.core.runtime.compatibility,3.2.100.v20100505,"org.eclipse.core.runtime.compatibility",1398795717580
started,bundle,org.eclipse.core.runtime.compatibility.auth,3.2.200.v20110110,"org.eclipse.core.runtime.compatibility.auth",1398795717580
started,bundle,org.eclipse.debug.core,3.7.0.v20110518,"org.eclipse.debug.core",1398795717582
started,bundle,org.eclipse.epp.mpc.ui,1.1.1.I20110907-0947,"org.eclipse.epp.mpc.ui",1398795717582
started,bundle,org.eclipse.epp.usagedata.gathering,1.3.1.R201106061540,"org.eclipse.epp.usagedata.gathering",1398795717583
started,bundle,org.eclipse.epp.usagedata.recording,1.3.1.R201106061540,"org.eclipse.epp.usagedata.recording",1398795717584
started,bundle,org.eclipse.equinox.app,1.3.100.v20110321,"org.eclipse.equinox.app",1398795717584
started,bundle,org.eclipse.equinox.common,3.6.0.v20110523,"org.eclipse.equinox.common",1398795717585
started,bundle,org.eclipse.equinox.ds,1.3.1.R37x_v20110701,"org.eclipse.equinox.ds",1398795717586
started,bundle,org.eclipse.equinox.event,1.2.100.v20110502,"org.eclipse.equinox.event",1398795717586
started,bundle,org.eclipse.equinox.p2.core,2.1.0.v20110502-1955,"org.eclipse.equinox.p2.core",1398795717587
started,bundle,org.eclipse.equinox.p2.directorywatcher,1.0.300.v20110502-1955,"org.eclipse.equinox.p2.directorywatcher",1398795717588
started,bundle,org.eclipse.equinox.p2.engine,2.1.0.v20110511,"org.eclipse.equinox.p2.engine",1398795717589
started,bundle,org.eclipse.equinox.p2.metadata,2.1.0.v20110510,"org.eclipse.equinox.p2.metadata",1398795717590
started,bundle,org.eclipse.equinox.p2.metadata.repository,1.2.0.v20110511-1359,"org.eclipse.equinox.p2.metadata.repository",1398795717591
started,bundle,org.eclipse.equinox.p2.operations,2.1.0.v20110511-1821,"org.eclipse.equinox.p2.operations",1398795717592
started,bundle,org.eclipse.equinox.p2.reconciler.dropins,1.1.100.v20110510,"org.eclipse.equinox.p2.reconciler.dropins",1398795717592
started,bundle,org.eclipse.equinox.p2.repository,2.1.0.v20110601,"org.eclipse.equinox.p2.repository",1398795717593
started,bundle,org.eclipse.equinox.p2.ui.sdk.scheduler,1.0.100.v20110502-1955,"org.eclipse.equinox.p2.ui.sdk.scheduler",1398795717594
started,bundle,org.eclipse.equinox.p2.updatechecker,1.1.200.v20110502-1955,"org.eclipse.equinox.p2.updatechecker",1398795717595
started,bundle,org.eclipse.equinox.preferences,3.4.1.R37x_v20110725,"org.eclipse.equinox.preferences",1398795717595
started,bundle,org.eclipse.equinox.registry,3.5.101.R37x_v20110810-1611,"org.eclipse.equinox.registry",1398795717596
started,bundle,org.eclipse.equinox.security,1.1.1.R37x_v20110822-1018,"org.eclipse.equinox.security",1398795717597
started,bundle,org.eclipse.equinox.util,1.0.300.v20110502,"org.eclipse.equinox.util",1398795717598
started,bundle,org.eclipse.help,3.5.100.v20110426,"org.eclipse.help",1398795717598
started,bundle,org.eclipse.jdt.core,3.7.1.v_B76_R37x,"org.eclipse.jdt.core",1398795717599
started,bundle,org.eclipse.jdt.core.manipulation,1.4.0.v20110505-0800,"org.eclipse.jdt.core.manipulation",1398795717599
started,bundle,org.eclipse.jdt.ui,3.7.1.r371_v20110824-0800,"org.eclipse.jdt.ui",1398795717602
started,bundle,org.eclipse.jface,3.7.0.I20110522-1430,"org.eclipse.jface",1398795717603
started,bundle,org.eclipse.jsch.core,1.1.300.I20110514-0800,"org.eclipse.jsch.core",1398795717603
started,bundle,org.eclipse.m2e.logback.configuration,1.0.100.20110804-1717,"org.eclipse.m2e.logback.configuration",1398795717604
started,bundle,org.eclipse.mylyn.bugzilla.core,3.6.2.v20110903-0100,"org.eclipse.mylyn.bugzilla.core",1398795717605
started,bundle,org.eclipse.mylyn.bugzilla.ui,3.6.0.v20110608-1400,"org.eclipse.mylyn.bugzilla.ui",1398795717605
started,bundle,org.eclipse.mylyn.commons.identity,0.8.0.v20110608-1400,"org.eclipse.mylyn.commons.identity",1398795717606
started,bundle,org.eclipse.mylyn.commons.net,3.6.0.v20110608-1400,"org.eclipse.mylyn.commons.net",1398795717606
started,bundle,org.eclipse.mylyn.commons.ui,3.6.1.v20110720-0100,"org.eclipse.mylyn.commons.ui",1398795717607
started,bundle,org.eclipse.mylyn.context.core,3.6.1.v20110720-0100,"org.eclipse.mylyn.context.core",1398795717607
started,bundle,org.eclipse.mylyn.context.ui,3.6.0.v20110608-1400,"org.eclipse.mylyn.context.ui",1398795717608
started,bundle,org.eclipse.mylyn.monitor.ui,3.6.0.v20110608-1400,"org.eclipse.mylyn.monitor.ui",1398795717609
started,bundle,org.eclipse.mylyn.tasks.ui,3.6.2.v20110826-0100,"org.eclipse.mylyn.tasks.ui",1398795717609
started,bundle,org.eclipse.mylyn.team.ui,3.6.1.v20110825-0100,"org.eclipse.mylyn.team.ui",1398795717610
started,bundle,org.eclipse.search,3.7.0.v20110505-0800,"org.eclipse.search",1398795717611
started,bundle,org.eclipse.team.core,3.6.0.I20110525-0800,"org.eclipse.team.core",1398795717612
started,bundle,org.eclipse.team.cvs.core,3.3.400.I20110510-0800,"org.eclipse.team.cvs.core",1398795717612
started,bundle,org.eclipse.team.cvs.ui,3.3.400.I20110510-0800,"org.eclipse.team.cvs.ui",1398795717613
started,bundle,org.eclipse.team.ui,3.6.100.I20110525-0800,"org.eclipse.team.ui",1398795717614
started,bundle,org.eclipse.ui,3.7.0.I20110602-0100,"org.eclipse.ui",1398795717615
started,bundle,org.eclipse.ui.console,3.5.100.v20110511,"org.eclipse.ui.console",1398795717616
started,bundle,org.eclipse.ui.editors,3.7.0.v20110517-0800,"org.eclipse.ui.editors",1398795717616
started,bundle,org.eclipse.ui.forms,3.5.100.v20110425,"org.eclipse.ui.forms",1398795717617
started,bundle,org.eclipse.ui.ide,3.7.0.v20110809-1737,"org.eclipse.ui.ide",1398795717618
started,bundle,org.eclipse.ui.intro,3.4.100.v20110425,"org.eclipse.ui.intro",1398795717618
started,bundle,org.eclipse.ui.intro.universal,3.2.500.v20110510,"org.eclipse.ui.intro.universal",1398795717618
started,bundle,org.eclipse.ui.net,1.2.100.I20110511-0800,"org.eclipse.ui.net",1398795717619
started,bundle,org.eclipse.ui.views,3.6.0.I20110412-0800,"org.eclipse.ui.views",1398795717619
started,bundle,org.eclipse.ui.views.log,1.0.200.v20110404,"org.eclipse.ui.views.log",1398795717620
started,bundle,org.eclipse.ui.workbench,3.7.0.I20110519-0100,"org.eclipse.ui.workbench",1398795717620
started,bundle,org.eclipse.ui.workbench.texteditor,3.7.0.v20110505-0800,"org.eclipse.ui.workbench.texteditor",1398795717621
started,bundle,org.eclipse.update.configurator,3.3.100.v20100512,"org.eclipse.update.configurator",1398795717621
started,bundle,org.eclipse.update.core,3.2.500.v20110330,"org.eclipse.update.core",1398795717622
started,bundle,org.eclipse.update.scheduler,3.2.300.v20100512,"org.eclipse.update.scheduler",1398795717623
started,bundle,com.google.gdt.eclipse.designer,2.4.2.r37x201110181239,"com.google.gdt.eclipse.designer",1398795717623
started,bundle,com.google.gdt.eclipse.designer.GXT,2.4.2.r37x201110181249,"com.google.gdt.eclipse.designer.GXT",1398795717624
started,bundle,com.google.gdt.eclipse.designer.SmartGWT,2.4.2.r37x201110181249,"com.google.gdt.eclipse.designer.SmartGWT",1398795717624
started,bundle,com.google.gdt.eclipse.designer.UiBinder,2.4.2.r37x201110181239,"com.google.gdt.eclipse.designer.UiBinder",1398795717624
started,bundle,org.eclipse.pde.launching,3.6.0.v20110506,"org.eclipse.pde.launching",1398795717625
started,bundle,org.eclipse.pde.ui,3.6.100.v20110603,"org.eclipse.pde.ui",1398795717627
started,bundle,org.eclipse.wb.core,1.2.0.r37x201109270310,"org.eclipse.wb.core",1398795717627
started,bundle,org.eclipse.wb.core.lib,1.2.0.r37x201109270310,"org.eclipse.wb.core.lib",1398795717628
started,bundle,org.eclipse.wb.discovery.core,1.2.0.r37x201109270333,"org.eclipse.wb.discovery.core",1398795717628
os,sysinfo,,,"win32",1398795717632
arch,sysinfo,,,"x86_64",1398795717632
ws,sysinfo,,,"win32",1398795717632
locale,sysinfo,,,"pt_PT",1398795717632
processors,sysinfo,,,"4",1398795717632
java.runtime.name,sysinfo,,,"Java(TM) SE Runtime Environment",1398795717632
java.runtime.version,sysinfo,,,"1.7.0_51-b13",1398795717632
java.specification.name,sysinfo,,,"Java Platform API Specification",1398795717632
java.specification.vendor,sysinfo,,,"Oracle Corporation",1398795717632
java.specification.version,sysinfo,,,"1.7",1398795717632
java.vendor,sysinfo,,,"Oracle Corporation",1398795717632
java.version,sysinfo,,,"1.7.0_51",1398795717632
java.vm.info,sysinfo,,,"mixed mode",1398795717632
java.vm.name,sysinfo,,,"Java HotSpot(TM) 64-Bit Server VM",1398795717632
java.vm.specification.name,sysinfo,,,"Java Virtual Machine Specification",1398795717632
java.vm.specification.vendor,sysinfo,,,"Oracle Corporation",1398795717632
java.vm.specification.version,sysinfo,,,"1.7",1398795717632
java.vm.vendor,sysinfo,,,"Oracle Corporation",1398795717632
java.vm.version,sysinfo,,,"24.51-b03",1398795717632
started,bundle,org.eclipse.m2e.usagedata,1.0.100.20110804-1717,"org.eclipse.m2e.usagedata",1398795717637
started,bundle,org.eclipse.wb.discovery.ui,1.2.0.r37x201109270333,"org.eclipse.wb.discovery.ui",1398795717861
started,bundle,com.android.ide.eclipse.ddms,16.0.1.v201112150204-238534,"com.android.ide.eclipse.ddms",1398795717898
started,bundle,org.eclipse.wst.sse.core,1.1.601.v201108151912,"org.eclipse.wst.sse.core",1398795717953
started,bundle,com.android.ide.eclipse.adt,16.0.1.v201112150204-238534,"com.android.ide.eclipse.adt",1398795717956
error,log,,,"DDMS files not found: C:\\eclipse_64bit\\platform-tools\\adb.exe C:\\eclipse_64bit\\tools\\hprof-conv.exe C:\\eclipse_64bit\\tools\\traceview.bat ",1398795717967
started,bundle,com.android.ide.eclipse.traceview,16.0.1.v201112150204-238534,"com.android.ide.eclipse.traceview",1398795717971
started,bundle,org.eclipse.core.filesystem,1.3.100.v20110423-0524,"org.eclipse.core.filesystem",1398795718034
started,bundle,org.eclipse.ltk.core.refactoring,3.5.201.r371_v20110824-0800,"org.eclipse.ltk.core.refactoring",1398795718038
started,bundle,org.eclipse.ltk.ui.refactoring,3.6.0.v20110505-0800,"org.eclipse.ltk.ui.refactoring",1398795718039
opened,view,org.eclipse.ui.ide,3.7.0.v20110809-1737,"org.eclipse.ui.views.ProblemView",1398795718852
deactivated,workbench,org.eclipse.ui.workbench,3.7.0.I20110519-0100,"",1398795725683
activated,workbench,org.eclipse.ui.workbench,3.7.0.I20110519-0100,"",1398795737081
closed,workbench,org.eclipse.ui.workbench,3.7.0.I20110519-0100,"",1398795737319
started,bundle,org.eclipse.compare.core,3.5.200.I20110208-0800,"org.eclipse.compare.core",1398795737635
started,bundle,org.eclipse.compare,3.5.201.R37x_v20110817-0800,"org.eclipse.compare",1398795737639
stopped,bundle,org.eclipse.m2e.logback.configuration,1.0.100.20110804-1717,"org.eclipse.m2e.logback.configuration",1398795737757
stopped,bundle,org.eclipse.m2e.discovery,1.0.100.20110804-1717,"org.eclipse.m2e.discovery",1398795737759
stopped,bundle,org.eclipse.m2e.refactoring,1.0.100.20110804-1717,"org.eclipse.m2e.refactoring",1398795737760
stopped,bundle,org.eclipse.m2e.editor,1.0.100.20110804-1717,"org.eclipse.m2e.editor",1398795737760
stopped,bundle,org.eclipse.m2e.editor.xml,1.0.100.20110804-1717,"org.eclipse.m2e.editor.xml",1398795737761
stopped,bundle,org.eclipse.m2e.jdt,1.0.100.20110804-1717,"org.eclipse.m2e.jdt",1398795737761
stopped,bundle,org.eclipse.m2e.launching,1.0.100.20110804-1717,"org.eclipse.m2e.launching",1398795737762
stopped,bundle,org.eclipse.m2e.usagedata,1.0.100.20110804-1717,"org.eclipse.m2e.usagedata",1398795737762
stopped,bundle,com.soyatec.eemf,3.7.1.20110624,"com.soyatec.eemf",1398795737763
stopped,bundle,com.soyatec.additional,3.7.1.20110624,"com.soyatec.additional",1398795737764
stopped,bundle,com.soyatec.core,3.7.1.20110624,"com.soyatec.core",1398795737765
stopped,bundle,overlay.com.android.ide.eclipse.adt.overlay,16.0.1.v201112150204-238534,"overlay.com.android.ide.eclipse.adt.overlay",1398795737765
stopped,bundle,com.android.ide.eclipse.adt,16.0.1.v201112150204-238534,"com.android.ide.eclipse.adt",1398795737765
stopped,bundle,org.eclipse.pde.ua.ui,1.0.100.v20110516,"org.eclipse.pde.ua.ui",1398795737766
stopped,bundle,org.eclipse.pde.api.tools.ui,1.0.301.v20110803_r371,"org.eclipse.pde.api.tools.ui",1398795737767
stopped,bundle,org.eclipse.pde.ds.ui,1.0.100.v20110516,"org.eclipse.pde.ds.ui",1398795737768
stopped,bundle,org.eclipse.pde.runtime,3.4.201.v20110819-0851,"org.eclipse.pde.runtime",1398795737768
stopped,bundle,org.eclipse.pde.ui.templates,3.4.400.v20110516,"org.eclipse.pde.ui.templates",1398795737771
stopped,bundle,org.eclipse.wb.rcp.GroupLayout,1.2.0.r37x201109270449,"org.eclipse.wb.rcp.GroupLayout",1398795737772
stopped,bundle,org.eclipse.wb.rcp.SWT_AWT,1.2.0.r37x201109270453,"org.eclipse.wb.rcp.SWT_AWT",1398795737772
stopped,bundle,org.eclipse.wb.rcp.databinding.emf,1.2.0.r37x201109270442,"org.eclipse.wb.rcp.databinding.emf",1398795737774
stopped,bundle,org.eclipse.wb.rcp.databinding.xwt,1.2.0.r37x201109270457,"org.eclipse.wb.rcp.databinding.xwt",1398795737776
stopped,bundle,org.eclipse.wb.rcp.databinding,1.2.0.r37x201109270442,"org.eclipse.wb.rcp.databinding",1398795737777
stopped,bundle,org.eclipse.wb.rcp.nebula,1.2.0.r37x201109270442,"org.eclipse.wb.rcp.nebula",1398795737777
stopped,bundle,org.eclipse.wb.rcp.swing2swt,1.2.0.r37x201109270442,"org.eclipse.wb.rcp.swing2swt",1398795737778
stopped,bundle,org.eclipse.wb.xwt,1.2.0.r37x201109270457,"org.eclipse.wb.xwt",1398795737779
stopped,bundle,org.eclipse.wb.rcp,1.2.0.r37x201109270442,"org.eclipse.wb.rcp",1398795737780
stopped,bundle,org.eclipse.pde.ui,3.6.100.v20110603,"org.eclipse.pde.ui",1398795737781
stopped,bundle,org.eclipse.ui.cheatsheets,3.4.100.v20110425,"org.eclipse.ui.cheatsheets",1398795737782
stopped,bundle,org.eclipse.help.ui,3.5.101.r37_20110819,"org.eclipse.help.ui",1398795737783
stopped,bundle,org.eclipse.help.webapp,3.6.0.v20110518,"org.eclipse.help.webapp",1398795737784
stopped,bundle,org.eclipse.epp.mpc.ui,1.1.1.I20110907-0947,"org.eclipse.epp.mpc.ui",1398795737784
stopped,bundle,org.eclipse.epp.usagedata.ui,1.3.1.R201106061540,"org.eclipse.epp.usagedata.ui",1398795737785
